,baseMean,log2FoldChange,lfcSE,stat,pvalue,padj
CFTR,23.8918261546678,-2.1794482724955024,0.37293647022203025,-5.844020219309614,5.0955839080886835e-09,4.145845461219539e-06
AOC1,145.12812365702052,-1.9246196131109279,0.4867223901024645,-3.9542450732660117,7.677668263743505e-05,0.008314678896820653
TMEM176A,25.278302933228368,-1.5145822149067159,0.4204561062609614,-3.60223622003166,0.0003154914741069823,0.022295901926255357
PDK4,1131.3564725647118,2.0951339710042918,0.39325435843117557,5.327681502024513,9.947435689990251e-08,4.711075848941503e-05
CRLF1,361.72130344310506,0.8471486638320641,0.21911158463998479,3.8662887917313316,0.00011050407667573775,0.011026430367917719
DNAH9,3.276017697014721,-1.710697940376187,0.45447736736529115,-3.7640993000234375,0.00016715045773759853,0.014491396651562129
SYN1,34.82297584768518,1.679530467457142,0.37543714716002174,4.473533000561821,7.693767764650547e-06,0.0015033178585741385
SLC6A13,15.507322713094274,1.1558433095831813,0.34873619354266094,3.3143772599037296,0.0009184749377332476,0.04611412697660393
TSPAN9,1825.575121894551,0.6026122125041876,0.17660860525928632,3.412133919632444,0.000644564385402588,0.03725441259236707
DCN,39.74926867930233,1.6018820824588724,0.4286103408379648,3.7373855220736742,0.00018594370461178357,0.015650344008054387
NR1H4,4.3595508817875634,1.7254100303846462,0.5136304824276492,3.359243832705529,0.000781560739905939,0.04217636707135264
CLCA1,0.9803790861297832,-2.6452848594710936,0.7012235504471579,-3.772384509596465,0.0001616948168484091,0.014212571283703238
HGF,90.83372882945778,2.260393513244044,0.4683388967594974,4.826405683755981,1.3901918367840136e-06,0.00039731405883132887
RPL26L1,2659.2068304072245,0.3411889764270249,0.10343733986432345,3.298508806148294,0.0009719983123784574,0.04766998214850205
RIPOR3,73.75633831127578,1.2724773520843762,0.3118343818657384,4.080619155819215,4.491589666386759e-05,0.0055533608968243815
MAGEC2,238.82735089643916,1.6534388092957666,0.5038473147081485,3.28162671712067,0.0010321013805512699,0.04962061955495809
PREX2,36.58233165509082,-3.8645993292420138,0.5024689802153853,-7.691219719843079,1.4573890319898636e-14,5.138267930452262e-11
ARHGAP6,11.80756820140058,1.3625424230304528,0.34350197943770266,3.966621750654461,7.289854482608359e-05,0.008011630245566405
RRM2B,2854.5612024329143,0.605553904530865,0.13986658772589242,4.329510817248338,1.4944093021092742e-05,0.002382195888205078
KITLG,5381.224085447546,-1.1337301954373578,0.28665492478248883,-3.9550347732473887,7.652352080241477e-05,0.008314678896820653
ELN,31.99573144308523,-1.7452407164150767,0.3881703307504874,-4.496069323590068,6.922117616239316e-06,0.001381419585414401
METTL24,3.756286336299381,-1.3498000827242462,0.3865051911687523,-3.492320707627725,0.0004788429414493475,0.029635057159163605
PTPRN,751.2887999076053,2.3994143428106267,0.5241427912457988,4.577787547373541,4.699195891343296e-06,0.001037909537270977
CHRDL2,10.980847359361926,2.365794459348036,0.4610922871104891,5.130848043834516,2.884396965869058e-07,0.00010767623543998952
TBXAS1,249.93472532978092,-1.1274738659421732,0.3257459785922293,-3.461205786222618,0.000537761568734207,0.032195683655670035
PSD,200.39548860740018,0.8412856888610968,0.22363587593261974,3.7618547800200517,0.00016865796923784895,0.014542625059473329
SLC12A2,3693.0001616945947,-0.5951082936435522,0.17865469135829212,-3.331053268845104,0.0008651804453650586,0.0443506311985116
CALCRL,84.26035990629535,-1.5250968163587302,0.35952758115811323,-4.241946644110239,2.21589378867421e-05,0.0033010575496911433
GLP2R,246.9723640829104,1.8003798894985636,0.5187534272071436,3.4705889061618738,0.0005193183926680406,0.03156799217959693
TIE1,26.48856839233817,1.5919239725124414,0.3820137756303314,4.167189965560092,3.08377504135624e-05,0.004217726975744606
MPPED2,14.917901601742479,-2.3820371081345972,0.5294017685309754,-4.499488384303015,6.811720155789345e-06,0.0013767050462633866
TRO,306.04114196951724,1.8339560813511617,0.46409269135221,3.951702139517928,7.759728725999552e-05,0.008362045909046245
CAMK2A,30.502390662777334,1.6803200834752108,0.439219230383074,3.8256978912550923,0.00013040213191304082,0.012169970728625584
CYP2W1,19.771100768818453,-1.1097529073793104,0.29088911517295274,-3.815037584749396,0.00013616220776910187,0.012451190244153807
ACTL6B,5.2937346292239775,2.128706442572934,0.5680346727565687,3.74749384970236,0.00017861021483628388,0.015194318302868966
CAPN6,47.3894220535214,-3.0791475058509827,0.5275278613016317,-5.8369381633293065,5.316881716888468e-09,4.2177493439647e-06
APBB1IP,165.69363459350987,1.8343366699293013,0.47785549581060205,3.838684886981692,0.00012369505511373332,0.011751400580281054
ACTN2,20.422533690424093,1.442255351157878,0.3895898845607731,3.701983568654224,0.00021392047516666812,0.017098011580638655
TIGAR,1766.4281058848092,0.9832133961806272,0.17594572685861506,5.5881629735214275,2.2948422975496198e-08,1.4860743049703467e-05
RBFOX1,7.509335209452807,-2.2910831845664834,0.5484982140668426,-4.177011202241182,2.9536448453140006e-05,0.004146995778170732
TP53INP2,1992.3638024596057,0.761937073049204,0.21183954113762324,3.5967651221176196,0.00032219917068215836,0.022618809479901695
CDH17,125.77993078477786,1.6518773658743002,0.4543329555452244,3.6358299474268976,0.00027708708273117003,0.02011956572572713
SCGN,15.303066458378632,2.192751884584933,0.6238019725574983,3.515140991932049,0.00043952057599511856,0.028170578337918712
COL5A3,49.84131191229204,2.437060100833702,0.42719778127052643,5.704758329000811,1.1650827254320536e-08,7.86579573631585e-06
MPP4,56.894324957374295,2.1450175783896346,0.46382606122488834,4.624616332952477,3.7529240950965757e-06,0.000882103958974144
GCKR,23.88256612381588,1.6495161244112149,0.470263012193286,3.5076458952575167,0.00045209038110343255,0.028519443106944372
ABCB1,187.7552891915097,1.622514164146278,0.4536233092267089,3.576787460309691,0.00034784276690447846,0.024046620559141627
AQP6,17.695218157904986,-0.9276224514583548,0.26809696271829336,-3.4600259624465313,0.0005401233084923594,0.03227618211256319
TXLNG,2707.9783973727003,0.3922393071725124,0.10681880115341072,3.672006266099048,0.00024065378030056035,0.01857952579736516
ADAMTS2,91.60604921704697,-2.2705644530779385,0.43705173464036784,-5.1951846271615745,2.0451676730192935e-07,8.319899414432717e-05
IGBP1,3048.995844738419,0.367692996376715,0.10414216775139967,3.5306831451256517,0.00041448795173474717,0.027230056307443608
RGS1,7.947339666877574,-2.1238757964134214,0.3652808942118699,-5.814363220381115,6.086512867683191e-09,4.598360471534651e-06
LYZ,83.90071636143648,-1.5729321895866333,0.331237280196223,-4.748656880212389,2.047720131524863e-06,0.0005325918647001264
SEMA6A,311.52361294710147,-1.24411940448801,0.3016597311817223,-4.124247540811281,3.719487078341079e-05,0.004797684735074828
PTGS1,474.58305204257044,1.5488155700121438,0.40316700246463916,3.841622852425743,0.00012222353594562962,0.011681551262321607
TLL2,95.67515320283536,1.0999118215221666,0.3220635664089541,3.4152010231592174,0.000637349553172956,0.03703981441708986
CYP26A1,159.24553194447688,-2.3276506074572594,0.4367773635354544,-5.329146612856272,9.867531798974524e-08,4.711075848941503e-05
SERPIND1,42.802129624501035,1.287569729436275,0.38340900830656666,3.358214599920819,0.0007844768397724769,0.042205448007717646
SEZ6L,23.83663174774576,-2.440457771126947,0.5055769733171578,-4.82707460965791,1.3855322470018496e-06,0.00039731405883132887
NCF4,26.736908085832336,-1.39956244386993,0.3735343630326156,-3.746810420619121,0.00017909733581748024,0.015195020221455791
CSF2RB,12.553305873469043,-1.1808363050768549,0.34652389144829926,-3.407662023364509,0.0006552199604434319,0.037596355451773124
REC8,435.68822608125964,0.8690124000706153,0.2379669163946149,3.6518202329837846,0.0002603881390811127,0.0194380501056626
ST8SIA5,40.30474112717677,2.0068889249446324,0.3693786559635645,5.433148051582579,5.536843107869253e-08,3.0822731343122676e-05
NOL4,55.90257587256072,1.7408939457450683,0.46739673485869593,3.724660049821225,0.00019557859825669106,0.01620340600857197
SRPX,989.4525313842776,1.7002457307948045,0.4362478352620039,3.897430756931235,9.721860658818507e-05,0.009983312639643045
PIN4,1622.7097764250232,0.4422333276368481,0.11137616940292247,3.9706279180512385,7.168345588707657e-05,0.0079253928179541
CBLN1,41.01716321443734,2.1406539798741115,0.4931148611434023,4.341085918421732,1.417802657062272e-05,0.002297684876519077
STMN2,21.271002033581002,2.1205756700327805,0.47931911334721666,4.42414168553434,9.68264614335533e-06,0.0017556573987131886
ANXA13,34.96733070634533,3.119246630211967,0.5357950658984977,5.821715855074493,5.8246515196297e-09,4.507854082179756e-06
NEFM,181.07448520860865,2.870400149680907,0.45251500702495523,6.343215374341409,2.2501850267967608e-10,2.7461777340495393e-07
CASP14,6.922956583581974,-2.0580941655897926,0.5689161062586083,-3.6175705749034615,0.0002973812570163873,0.021252713212583298
SIGLEC6,10.097218400104556,-2.413573886640644,0.5353561229175334,-4.508352073172109,6.533309653652403e-06,0.0013289003116669514
KCNN1,50.77403854669381,1.16532458066649,0.3426123349705839,3.4012919609754935,0.0006706815568851069,0.0382721468816524
HPN,168.68526013350657,1.7901555033520309,0.53667079359705,3.33566783344677,0.0008509477168865134,0.043976257336361485
PIK3CG,28.8735771068526,1.8055140649836408,0.3789377410892536,4.764672053498035,1.8916105067730559e-06,0.0005174370085380675
PTN,270.4578925933945,-1.7805381817200205,0.49722799358447917,-3.5809290802077633,0.0003423745854806953,0.023824315727824435
TFEC,47.63867544129078,2.305595050403773,0.4146263580454739,5.560657217433601,2.687606153756762e-08,1.672165311075604e-05
EVX1,6.4292219777515145,-1.545648387338608,0.4705364263801578,-3.2848644667731657,0.0010203143959089944,0.04928799602612485
PTPRZ1,384.1813528620872,-2.137560755703105,0.4797121306181125,-4.455923916180404,8.353265565423731e-06,0.0015683873944169254
SFRP4,44.4147572405723,1.861121774542737,0.47348502601429243,3.9306877140536183,8.47032319957192e-05,0.00887035727543289
MEOX2,8.596713382957763,-3.970365446786853,0.5723251956959238,-6.937254338347017,3.9979369023039424e-12,6.6311586880319126e-09
TMEM176B,46.50319658683818,-1.534579163598429,0.43044863981740966,-3.56506914332306,0.0003637602785802707,0.02492975680265782
AMBP,49.47458318678962,-1.7003289145647502,0.4197541195612272,-4.050773620380712,5.10485771302373e-05,0.006021644613083865
GATA3,769.2724403382173,-1.2945104057281263,0.3905143466196615,-3.314885655120131,0.0009168061840748015,0.046104816809989416
SPOCK2,536.1995750276325,1.2134280356590128,0.34625366685093384,3.504448188793932,0.00045755459151239347,0.02863641961199163
TLX1,31.787555089870118,2.44735779628061,0.542345135867034,4.512546779585436,6.405380103110759e-06,0.0013112846196890807
ALDH3A1,12865.128293533438,-1.9476648500126672,0.5226911134557459,-3.7262252980269346,0.00019436868569730367,0.016187697548191975
CCL2,556.6484696730851,1.7098805426329675,0.5113120773392559,3.344103568863015,0.0008254891402445472,0.043295199849751616
VTN,209.9391855224391,2.8334188174047426,0.4488147521527826,6.313114272233656,2.734754079219595e-10,3.21394376621174e-07
ODAM,10.643697443869202,-2.8774735486254044,0.7641112591521607,-3.765778234727465,0.00016603111351283658,0.014433789761303611
CRYAB,94.68729198920404,1.7381791288404376,0.35419612495920477,4.9073917142392105,9.22955825478496e-07,0.00028712069900253096
SC5D,4254.321434218377,-0.5049540589794277,0.12812539887330465,-3.9410925813292166,8.111131023022053e-05,0.008579143283050426
UPK2,191.7539681679861,-1.5656655285121426,0.43036011698883625,-3.6380358372120174,0.00027472520504614,0.020085957330228266
CALCA,295.5982002168242,5.026105498481149,0.5471547690154476,9.18589361384009,4.081244080842647e-20,2.590039118584361e-16
POU2AF1,19.269224251616205,-1.4283422838995814,0.2747500278518932,-5.19869750357057,2.0068981190580256e-07,8.270244703354573e-05
GLI1,190.61759156366264,1.7012070836995734,0.4106325766573282,4.142893624144258,3.429510438284688e-05,0.004572344357866027
ENDOU,21.35754716228172,-1.85135258664016,0.3837266628129926,-4.824664966120449,1.4023880302892701e-06,0.00039731405883132887
GYS2,3.4780277598342493,3.357309395925975,1.0038429676795737,3.3444567567042287,0.000824438810833072,0.043295199849751616
TPD52L1,3761.025863504844,-1.031905690564083,0.2764376332157035,-3.7328697925831604,0.0001893104696915589,0.01589156220577475
PHACTR1,66.64437812244607,0.9212350846282505,0.2781575354632081,3.311918489262364,0.0009265853889675929,0.04644783724696792
GLP1R,3.1903115612681217,-2.5899276962023734,0.575976555233868,-4.496585273598099,6.905349245319724e-06,0.001381419585414401
SIM1,22.12292980304695,2.255026513318056,0.514620575950379,4.381920620164809,1.1763767210147931e-05,0.0020177086342984
SLC22A2,1.702565003334567,2.3059077429135675,0.6107306253945024,3.7756543507607185,0.0001595881649556611,0.014105548919799671
CLIC5,415.73421446682624,-2.635241553416348,0.47477263079703996,-5.550533839729453,2.8479857445145333e-08,1.7378737626767435e-05
PCDHB3,167.27518320907657,-1.4862706008542035,0.3855024643627616,-3.855411413026943,0.00011553516339735649,0.011349988451274051
HAVCR1,246.19801319473487,2.6765951714931044,0.5863724376936403,4.564667435633349,5.002867782589757e-06,0.001087301353488737
IRX4,125.66393441651299,-2.0067912063900573,0.5946948239597886,-3.374489108594882,0.0007395284227846439,0.040881491957107205
PDGFRB,179.8274356659766,1.4336653976833527,0.39348282549739716,3.643527251465353,0.00026892716448758715,0.019798904539108188
CD86,7.264116183315953,-1.491935851247145,0.3935774653890679,-3.7907044545152084,0.00015022061813457262,0.013503259019909699
LRRC31,23.390165728454296,-1.9223761398256036,0.5752285584915949,-3.341934456221357,0.0008319670379214669,0.04341964815836524
UPK1B,1125.1514237293313,-3.8917840040140637,0.5621552486917298,-6.92297014582925,4.422710021998079e-12,6.6827148432390974e-09
OTOF,13.202212184214932,1.4951304902044082,0.4480007596974325,3.337339184902674,0.0008458465473900368,0.04385548495953146
PDE1A,18.412837970872502,1.0712013134983256,0.3191257445260561,3.356674702284521,0.0007888586572738106,0.042282557523573114
TLX2,19.67948968587788,-1.4321683897646518,0.39103898655014413,-3.6624695721509615,0.0002497954312791614,0.018993422275615315
PRRX1,150.79589080066262,-1.5597251354551178,0.44746421106029755,-3.485698066800115,0.0004908546909983814,0.030126325338626
TNR,5.1546892039390455,1.7981114570914065,0.5086758072946903,3.534886918751592,0.0004079496991360683,0.02708086172235687
MRPL37,6382.797141408548,0.2427318529144899,0.06925111503097549,3.5050966732581537,0.00045644151034600106,0.02863641961199163
DLGAP3,84.98306330789147,1.2612852631616653,0.38304477543804516,3.2927880604017514,0.0009919922127907413,0.04826698406018956
MEF2D,4793.627340015508,0.48905380433416,0.1477828810424305,3.3092723655437863,0.0009353879403706314,0.04666791625141589
OLFML3,110.24466087554715,-1.404340165825198,0.37753028889469586,-3.7198079389516456,0.00019937433080905798,0.01638949971736326
RGS4,285.4919079935792,2.990612349656686,0.4314853182827903,6.930971282078883,4.1796090183302844e-12,6.6311586880319126e-09
IGSF21,2.5061674344297966,3.2705942890709863,0.9378775791707127,3.4872294228026024,0.0004880524935469632,0.03005022078629227
DPH5,1797.1644615359182,0.40469651709034155,0.11762516212403275,3.4405607591307663,0.0005805100826069902,0.03411141746518964
MTFR1L,2201.6633319412144,0.29994234674202197,0.08925141762829382,3.360645183152099,0.0007776065031661557,0.04210619787024793
FILIP1,113.44556712550568,1.439999340829969,0.3775691957689285,3.8138687079526616,0.00013680816730168754,0.012461893762593467
RARRES1,330.62001733527114,-1.6917533887467557,0.4317317792437255,-3.918528748822334,8.909110471620891e-05,0.009243790906575823
ESRRB,15.83213371656855,1.263101023386063,0.3440937488905826,3.6708049113316292,0.00024178784138611728,0.018621771832579823
MSX2,539.1823698333327,-1.398344542838454,0.39510119500066954,-3.539206057921653,0.00040133244792140945,0.02686641330167562
TEK,22.717061304290866,1.4448807527147598,0.3716056956487998,3.8882093833144573,0.00010098649233400683,0.010270520475161445
GRIA2,23.529303364805973,2.1185565197163583,0.42485595665843223,4.986528931780039,6.147370457984166e-07,0.00020751299149180378
CCDC170,13.265448630659785,-1.2593966194444495,0.36471429133158534,-3.453104661312684,0.0005541739447177837,0.03299154491527204
PDZD11,2840.0882958261795,0.43167468931670244,0.10403289705078263,4.149405635661426,3.3333966542287044e-05,0.004483079503552551
SOCS2,876.0183751220897,1.2587228685649319,0.28961679486613956,4.346166696398638,1.3853730119940458e-05,0.0022895453668532848
TNFRSF8,73.17344894144262,2.239707310908356,0.4133364790025598,5.418605481696392,6.006569719296079e-08,3.230414640050575e-05
TEX14,63.375229939496386,1.1442339416064229,0.2779740597162828,4.1163335268560575,3.849471403880973e-05,0.0049055251854035
IAPP,1.799447245874495,2.5242634353983204,0.6090597410997779,4.144525183753343,3.4051853449162154e-05,0.004559069037111242
AL139327.1,6.284365475037258,4.348954209838864,0.8692723794315846,5.002982163867481,5.645016561831798e-07,0.000192604323143532
FLT3,9.088988342525989,1.306279214151065,0.3902382540850947,3.347388936058073,0.000815766687340527,0.04316141364314288
FMOD,37.20532848546929,3.1395835043167737,0.4178070451961428,7.514434092040912,5.71576348942248e-14,1.2954777948776051e-10
EEPD1,815.3176314939946,-0.7649791102435693,0.2166522185851628,-3.530908269664764,0.00041413534317593086,0.027230056307443608
SFTPA1,71.08023472220654,-3.08098224873796,0.7387393633378276,-4.170594395860044,3.0380617713425787e-05,0.0041890369962992256
RNF11,5231.255402191909,0.337702789075182,0.10077379250514963,3.3510973506125126,0.0008049200033971596,0.04282849394234365
IL13RA2,257.69213030522843,2.3110883210126283,0.5519138177968621,4.18740797292966,2.8215836899501434e-05,0.0039969496457950004
C4BPA,14.489690868085262,2.213769246648353,0.5835928641293677,3.7933452972406747,0.0001486312451883836,0.013398346707592613
PCK1,4.281762068501596,1.561154148868543,0.4709539533212946,3.3148764074679957,0.0009168365134128555,0.046104816809989416
XG,41.82872166754446,1.7705631801370714,0.5303483331049582,3.338491081458098,0.0008423473433290861,0.04374553772696437
CXCL6,185.15717134227583,1.7261771617663941,0.5058467420862841,3.412450883141111,0.0006438152790941692,0.03725441259236707
GDF5,24.832011736466747,2.012260822610044,0.4650802233147067,4.326696173551125,1.5136251569818591e-05,0.002389494520208526
BPIFB1,59.089531442466864,-2.3029003353310915,0.598532586540584,-3.847577203175288,0.00011929169138399595,0.011575671740995644
TUBGCP3,3230.907114729389,-0.3148451737753273,0.09163222894720457,-3.435965460981316,0.0005904462411376929,0.03463114542983389
PROZ,19.128654556042253,-0.7011520562616843,0.2103599254461068,-3.3331066018147837,0.0008588202972527032,0.04423900463007391
CCR7,34.24078722558628,1.7726054915858558,0.3440909528000493,5.151560879939538,2.5832733642921693e-07,9.875885195464437e-05
IFI6,3550.705865299489,-1.2156044296667048,0.33459537165725883,-3.633058113284075,0.00028008190646524483,0.020290591264951332
SSX1,10.30422238700422,1.5202249504591085,0.43651731175015007,3.482622360070891,0.0004965282512222712,0.030415710307980477
POM121L9P,19.678518548212633,1.1380659481813054,0.2873846737598362,3.960078779748613,7.492504211448755e-05,0.008169919282937473
LRRC4,170.77700992933873,-2.3349295900580733,0.39118599708370894,-5.968847574977044,2.389351937145323e-09,2.1661864662159497e-06
THAP10,373.36838390384884,-0.47841361603017096,0.10781767369389143,-4.4372466928608585,9.11168485052319e-06,0.0016712304739419151
DPP6,5.6761810001428925,1.7039290138335421,0.4858531139252874,3.5070867408201187,0.00045304144432418807,0.02852273426557701
CCDC62,26.628271631272177,1.0546410268065538,0.23645354650447403,4.460246176881084,8.186556306253824e-06,0.001546235822343691
EDA2R,179.28574710958114,2.9006436732631804,0.495916725168385,5.849053935977431,4.943767761379278e-09,4.128176179903312e-06
IDO1,70.51601118690833,-1.7119764832979425,0.4454530859633772,-3.8432251055023383,0.00012142799646845896,0.011640579323083598
FMO5,315.8328756915125,-0.9176174634167775,0.24590694311592284,-3.731563866353314,0.00019029475070268386,0.01593203887743235
FCRLA,10.109301040008013,1.0362975123832932,0.2789538504768355,3.7149424917844893,0.0002032499132192756,0.016523754706278985
EMILIN2,458.24850609277075,-1.4599256980276412,0.36337744339999756,-4.017656364048411,5.8779830599937714e-05,0.006757763785386318
HSPA12B,52.918817946266586,1.132562899142968,0.2776302842557329,4.079392499197721,4.515354421167598e-05,0.0055533608968243815
SNAP25,786.3559418722829,2.19207233947691,0.47172869474410833,4.64689208839842,3.3697332564804757e-06,0.0008100379239498634
DPH2,3225.813601980286,0.3360707681912515,0.09551241709801928,3.5186081391528403,0.00043381697120136164,0.0278652759376324
SLC14A2,3.8827806129180336,1.8448938469321559,0.5172781533783324,3.56654120202679,0.0003617239598797613,0.02484385924446906
NMUR2,7.3496961332712845,-2.6459011525936926,0.6312024710252493,-4.191842196523739,2.766984391414895e-05,0.003937183036950046
CHI3L1,181.91647200418876,-2.207353641036395,0.4853656768915644,-4.547815690579909,5.42055740189898e-06,0.0011466647127977103
LGR6,195.27871586723344,-1.6848949018298671,0.4449008410719855,-3.7871245596437273,0.00015240071197437902,0.01358378368443545
TMCC2,438.7200754648502,0.8428920929531067,0.2532346590758412,3.3285020937859424,0.0008731434868180888,0.0446866386777819
KL,32.38834008064883,-1.8710346942723535,0.5310602122213298,-3.523206316749188,0.00042635932260562636,0.02755357976700434
NTS,596.8200281102901,4.022874709949288,0.47778313137646894,8.41987597670012,3.7688306945268215e-17,1.4948595846003822e-13
CA1,1.9983695655829843,-1.1316271701076248,0.3349254802244463,-3.3787431441444182,0.0007281800812781369,0.0405064057668443
CD180,3.7304769256887895,1.4116440823480647,0.3529241498396944,3.999851194624293,6.338232483612882e-05,0.007131860104167388
CHL1,142.23115226991223,-2.2342971933949465,0.5080490388150476,-4.397798288539485,1.0935453699537198e-05,0.0019065542930770045
SYT6,3.1116155098596403,-2.158184851980825,0.5363619523612535,-4.023747103014556,5.72794248540568e-05,0.006633333686292249
TIMM17A,6809.299271135676,0.3563316482789863,0.09263730259436756,3.8465244377770946,0.00011980518636206775,0.011583780364193464
DSG3,346.8560669501568,-2.668426698414347,0.5155294879569213,-5.176089362006245,2.2658496182952325e-07,8.987209279765752e-05
PDGFRA,79.37581601731263,1.644569288894122,0.36779490799926,4.471430281186576,7.769819066722093e-06,0.0015033178585741385
SDS,13.47803517708687,1.691858275924596,0.32349970247405757,5.229860376951263,1.6963811017872986e-07,7.177049165441703e-05
TESPA1,1.894181777075755,-0.9699824534085199,0.23561765398681508,-4.116764754235262,3.842278995655682e-05,0.0049055251854035
KRT85,2.651136765956869,2.5906203826514758,0.6382149038199806,4.059166226212424,4.924824751396659e-05,0.005896966573078014
KRT87P,182.49582458260468,2.36779481792549,0.5594912649313654,4.232049660714462,2.3157125972886367e-05,0.003401846130766932
AGT,211.68065436141404,1.236285962004351,0.2635499358419513,4.690898360702851,2.720080776280245e-06,0.0006796132528515626
SCN2A,62.52199274864082,1.3506295008258797,0.3962893324657021,3.408190405788361,0.0006539524578051562,0.037596355451773124
GYPC,112.75602835890015,1.674534714211139,0.4686588220932545,3.573035725075794,0.0003528665982018773,0.024340891364225584
GABBR2,279.3477674219365,-1.5557530469952336,0.4649817739028103,-3.3458366205132473,0.0008203471688359347,0.0431682189292422
FXYD2,13.98686242160766,2.475237168419526,0.4732305649300172,5.23050992867625,1.6904309686971857e-07,7.177049165441703e-05
ITGA11,267.0662320874756,1.609203541479224,0.40163617517522043,4.006620023152004,6.159383253641591e-05,0.0070303377705504076
BRDT,43.72891941510558,3.8715993437978997,0.7274823375974317,5.321915246195755,1.0268041188544339e-07,4.791400219907359e-05
CCDC54,1.7272007871370096,-1.6713697461769468,0.46933346140065774,-3.5611561579031377,0.000369225398828038,0.02524976536683723
MMRN1,8.261000748700862,2.476335768427093,0.5075488771263483,4.879009451163928,1.066199555197956e-06,0.0003253036354421764
ETFBKMT,135.83158385935621,0.47738024919664107,0.14004213817269923,3.4088329086202487,0.0006524142711965651,0.037596355451773124
PIANP,77.63682243828887,1.1507767317234467,0.3004663786885694,3.8299683869662373,0.00012815972244733747,0.012031467908214393
PPFIA2,38.7002975849548,2.340289271086066,0.4593676112336759,5.094589200141895,3.4949825281369724e-07,0.00012460594449473513
RTN1,272.24008167768176,2.5328363622672097,0.46490889805693447,5.448027286320144,5.093154622452409e-08,2.8859087379470964e-05
RHCG,46.015339278379706,1.9060533598762992,0.45029539442369754,4.232895524760424,2.3070169215725997e-05,0.003401846130766932
NKD1,593.0186594038636,-3.0664716254700317,0.40698042059107864,-7.53469078688463,4.8949334458795976e-14,1.1947779474708116e-10
CDH11,2007.9581292982318,2.28550541538728,0.5147718135976127,4.439841799834471,9.0025030182648e-06,0.0016608047864683742
CDH13,345.0127935800038,2.430200510757535,0.5370894454657429,4.524759388355063,6.0464254905793605e-06,0.0012539812238011351
DPEP3,6.10689846320031,4.797368791533935,0.8766148016440519,5.4726075609682665,4.434614292018139e-08,2.605828631481992e-05
SLC14A1,21.43669545589412,1.8629071552461425,0.4337134045005952,4.295249203540782,1.74497207836306e-05,0.0027410747038880325
TP53,4007.268319971871,-0.7602834965185336,0.21563911392470395,-3.525721668398278,0.00042233057187930916,0.027485308507597207
CBLN2,40.6557424596306,3.105533102938406,0.466163087231942,6.6619026430834305,2.7030507473327133e-11,3.7291523158093185e-08
CACNA1A,162.43419767652227,2.1810710790327437,0.4072474404674289,5.3556409747581535,8.52536448619466e-08,4.3311549352466375e-05
ITGA10,223.44495372207282,-1.0305883006643601,0.3009074259803073,-3.424934752962216,0.0006149470852576578,0.03586927566601239
ILDR2,254.75849052228403,2.573249895438524,0.4483751567840109,5.739055468405662,9.520603633162391e-09,6.713294975197241e-06
FAM163A,7.694730990127311,2.470603087965762,0.4782808995406799,5.165590117310604,2.3968151306511663e-07,9.389301346999033e-05
S100A7,57.06154701962423,4.525809299099196,0.6661933875852225,6.793536806938411,1.0941730532966133e-11,1.5781456888252198e-08
ACKR2,31.325345140408494,-1.1472142401343848,0.3366256033928539,-3.4079827219664733,0.0006544503849486368,0.037596355451773124
ITGA9,33.1877255648918,-0.9986313198519614,0.27371925755702,-3.6483780087848987,0.00026390115900980655,0.019515743859734362
IL17RD,764.1933562037985,-0.8537810598386641,0.26010080804242836,-3.2825006053014376,0.0010289076475641595,0.04954213742770614
HAPLN1,28.587671654925202,2.403691081213906,0.5191450755506587,4.630095120644849,3.6549779217186926e-06,0.0008654933166720585
IQGAP2,201.44297479026434,1.561300872809459,0.3735993067908546,4.179078612914809,2.926925058767775e-05,0.004127744846211568
LIX1,5.584191216140032,-1.5808250190731616,0.40652630568548087,-3.888616792971341,0.0001008171529214535,0.010270520475161445
MEGF10,29.26633569818646,-1.821189570119623,0.411893441227439,-4.421506603000265,9.801506861712866e-06,0.0017609993576796058
SPINK7,3.130625203476408,2.6278758704061578,0.677434869989633,3.8791564869496207,0.00010481930991141161,0.010592425231843955
SCUBE3,221.49630206064973,-1.2042286546846093,0.31177214447095064,-3.8625280546729956,0.00011221967324010156,0.011092967138883683
CLTRN,82.47076853854851,1.0842784398800092,0.3125690656657922,3.4689243401947873,0.0005225465907034347,0.031703491146483145
GPC3,179.25985600244232,-1.9935491778760805,0.44689053203850554,-4.460934020648059,8.160321316317833e-06,0.001546235822343691
PXDNL,14.424351746848973,-1.3535749081190618,0.3509379931710946,-3.8570201416155774,0.00011477770788135719,0.011310594561438958
TRIM55,248.8259227817728,2.0151169172257104,0.4841465701627913,4.162204260887648,3.151902120380291e-05,0.004292403698789142
RSPO2,10.228870186200073,-2.320979373046753,0.5255116607636876,-4.416608700316647,1.002614920465586e-05,0.0017873019124322194
FAM135B,2.6766440597120327,2.800708349207878,0.7120097478376649,3.933525289103805,8.370902729775976e-05,0.00882448885443593
NFIB,2888.7188251628518,0.7136250156484518,0.20513006862258157,3.478890347184786,0.0005034945615249274,0.030783017209532703
NTRK2,102.43029610465499,-2.228368728902091,0.43400467642298113,-5.1344348343618345,2.829931240489438e-07,0.00010690065260948853
COMMD3,2506.128022602336,0.5810756967678093,0.15161336984408677,3.8326151405074946,0.0001267882246302491,0.01197356296351915
MMP3,21.943895246033772,1.8475910454535878,0.43867155305538175,4.211786774375889,2.533586431988164e-05,0.003637702763503006
CLEC1A,4.465241534246444,-2.986142984184122,0.6003312027734578,-4.974159214760954,6.553143428555057e-07,0.00021660186888695888
FXYD4,105.07766688898312,16.003625377965164,3.2536966216485683,4.9185979023012045,8.716631786313475e-07,0.0002765874432115129
C11orf53,2.0032221702360467,-2.813610845140507,0.6915230038707534,-4.068716195110662,4.727288545638293e-05,0.00572525163517743
FREM2,774.1539832779256,-1.8215303785509418,0.44086384138835255,-4.131730043486088,3.600431180172776e-05,0.004701451925023142
MAT1A,62.29013032961267,1.4761666023213715,0.4468028542590658,3.3038432683455037,0.0009536913376370292,0.04711993484486279
ITIH2,12.284260833576651,1.770354370095969,0.4765360325938615,3.715048283882434,0.00020316489680095778,0.016523754706278985
ZNF385D,41.247421202559956,2.0564270780412492,0.5383702562570805,3.819726394875857,0.00013359978660960648,0.012323415200318091
GEMIN6,1294.1146434409843,0.362593555423808,0.09908123186246136,3.6595584108919708,0.00025265025084761844,0.01908772645153757
GRID2,12.75752954528523,2.8462199912041526,0.6156744039234541,4.622930518251688,3.7835648266942076e-06,0.0008827668787928963
BMP3,79.76557041884048,-1.7713255439705597,0.5033149054702118,-3.519318670516492,0.0004326566808761519,0.02784711793282186
GRM1,11.939439414326332,-1.0821125012450132,0.30878228615313935,-3.504451355439294,0.00045754915002410503,0.02863641961199163
KCNJ16,14.97451798547384,3.19074952893088,0.4381121496285416,7.282951480884958,3.26594714152431e-13,6.379730410779684e-10
AK5,152.27851826772286,1.5621652329200977,0.44801071922168756,3.4868925360401857,0.000488667672803467,0.03005022078629227
THY1,705.75869887449,2.7962077038355067,0.5130724984146411,5.449927081407788,5.039047622715286e-08,2.8859087379470964e-05
GPR15,41.40430777965826,3.2506581355163315,0.530411104960138,6.12856349559391,8.867603981264615e-10,9.076707804177661e-07
ADAMTS5,47.77138428071175,2.381816860856184,0.5208730286367501,4.572739861555072,4.813876536707097e-06,0.0010534421819741579
DKK2,18.41912455340329,-2.2526262479449835,0.4881246995479307,-4.614858150040797,3.93363888245172e-06,0.0009110824480224491
MAGEA8,17.913076891727396,1.6365364556955164,0.4333510357428456,3.7764683148620692,0.0001590677840984144,0.014098826416834603
NAA11,45.850381809881135,6.393890822857569,0.6745099302531342,9.47931310730745,2.559623959414988e-21,2.707314261873233e-17
ATP2B2,15.744648209363959,1.4788970609937544,0.4201207166605027,3.520171708620699,0.0004312675057866008,0.02781412444332242
SSBP3,2124.655413590476,0.5458799545475891,0.14186505308774197,3.847881790943738,0.00011914351369988427,0.011575671740995644
SLC34A2,516.8084592005443,-1.6693386001001316,0.4619186311109803,-3.613923508746841,0.00030159807298777927,0.02145741805824041
COLEC12,30.443069333428948,-1.5262112152304703,0.37686537086817484,-4.0497518031826,5.127198262161008e-05,0.006025597335430776
NCF1,12.497341826836777,-0.9270182628950755,0.25704393245976237,-3.60645845254562,0.0003104045314511532,0.021985370954188708
CLIC6,69.53778659166576,-2.5691115462031635,0.5181737403244897,-4.958011852538763,7.121821952204563e-07,0.0002329716828509309
DRC7,6.70396603043244,1.3203940945636805,0.37606575984475177,3.5110723590171258,0.0004463028981400032,0.028323274521760887
CHRNB2,37.065001170992225,0.8926005469579583,0.23338069817271048,3.824654540614153,0.0001309555814552439,0.012185781686675497
AQP5,18.989127270593148,-1.3747026285115005,0.3861766314505026,-3.5597768392873355,0.00037117007141810134,0.02527381445529565
ALOX15,58.38359086445485,-2.1939251848769334,0.45092315299027796,-4.865408152870418,1.1422084533292598e-06,0.00033907868418592025
BCL6B,38.70063980077903,1.8629690301797457,0.4055099752765874,4.594138600188725,4.345405024718209e-06,0.0009919715599952049
ELAVL4,13.689767691643116,2.5561079563862448,0.5394104862159915,4.738706461414108,2.1508681113439535e-06,0.0005503967422665724
ZYG11B,2231.5746659334827,0.3194181734176078,0.09631028590418816,3.316553059923141,0.0009113528015512279,0.04604798685672295
DNAI3,19.571364373144853,1.273650691774223,0.3211877952089617,3.9654392563254097,7.32609080652425e-05,0.008016006461442102
VCAM1,34.45960629210619,2.4959866165695805,0.4605483334018554,5.419597543938316,5.973335151874409e-08,3.230414640050575e-05
AXDND1,10.617272618297537,0.775488162234695,0.22921473892108452,3.3832386428766474,0.0007163635487407783,0.04008982674619689
ACP6,2482.076580219625,-0.7094880449032133,0.16657864995875774,-4.259177542133229,2.0518045604273324e-05,0.0031151105505703197
KLHDC8A,15.726453309005013,1.4530425835492924,0.3996204585971515,3.6360565438769794,0.00027684358856301845,0.02011956572572713
LRRTM1,19.989599864981653,-3.7197018280759586,0.6533381074680976,-5.693379561910203,1.2454908217188478e-08,8.233472763325159e-06
ARL5A,3036.1271826900374,0.26946378046832314,0.08076193508960627,3.336519613718394,0.0008483444246632876,0.043913241336037155
FRZB,30.84474541144256,1.3607166444147276,0.3553901171323515,3.8287970847202275,0.00012877112163344829,0.012053204898380375
ACTG2,23.383366162753312,1.3349253540210317,0.3866473314253603,3.452565802277444,0.0005552820229772006,0.0329956065001677
VSNL1,463.8564263161858,-1.8980801564685152,0.5033551525533828,-3.7708567138730467,0.00016268806989805796,0.01426037333131292
SPATA18,103.60160166121666,2.2613189679399084,0.46992604294942236,4.812074159046537,1.493719031058805e-06,0.0004188770727602763
BNIPL,140.90431877372208,-1.0833087829283963,0.29321203520266553,-3.6946259118580276,0.00022021075185161233,0.017259635470014474
SPRR3,106.81721968473346,-3.531271237285984,0.5743611576651013,-6.148172086777843,7.838096951199701e-10,8.290355145283925e-07
SUCLG1,5220.275972347501,0.31242080644162257,0.09191578940250074,3.398989536754417,0.0006763530378686806,0.03839241188660305
EFHB,30.28173457567827,1.7177969088476388,0.30012506857748866,5.723603552977195,1.0428795160974847e-08,7.193828244628106e-06
CTLA4,3.3109121516455895,-2.466513543510327,0.6972392217367456,-3.537542735141198,0.0004038688227937674,0.026979287612776914
DNAJC5G,8.580214620940307,-1.5416747853271946,0.43932263681251477,-3.5092086228762196,0.00044944221615193455,0.028412179194489216
CAMKV,44.57495386832159,1.2789759418618185,0.370799164931203,3.449241699611475,0.0005621632732586199,0.03320430041196029
NPY5R,4.835832942871677,3.974323087013609,1.017335859896462,3.9065988369053373,9.360436552372501e-05,0.009643377020887398
SHH,179.08648785045844,-1.9525788034658247,0.40298479249503555,-4.845291534146116,1.2642589704187211e-06,0.0003714463091699671
SOX17,3.0440687228155268,1.886813426610188,0.5019103443240253,3.7592638764027773,0.00017041402644613144,0.014654220794477498
BAALC,37.97071086335332,2.2077803699229297,0.4125083933231635,5.352085934875343,8.694608796565348e-08,4.3311549352466375e-05
DIRAS2,66.96931427318168,-2.534018681756002,0.5444397942033948,-4.65435978180781,3.249889062754976e-06,0.0007871925942769324
PCDH19,72.61637664263988,-1.9725521566591984,0.3958743101461299,-4.982773840341057,6.267919447804896e-07,0.00020935510736662857
SLC7A3,3.8096458106890743,-2.489411659543645,0.5887271188601204,-4.228464393424895,2.352917439977635e-05,0.003424790059079373
TSHR,4.540908104585288,-1.2906319890593396,0.2968370927950286,-4.34794714133164,1.3741771097118059e-05,0.002282932663259964
OTOGL,65.14507423497896,1.274879800851108,0.3787145330204234,3.366334507111075,0.0007617427426486375,0.04174587040929864
CACNB2,159.37703317742287,1.0477443006798604,0.2244145598522911,4.668789321733323,3.0297987707507907e-06,0.0007395272676514873
PASD1,125.226507876455,5.737523750076517,0.6298234874552037,9.109732908277097,8.25850307702524e-20,4.3675093522847983e-16
SYNPO2L,12.998278111230052,1.5611848985568686,0.3491383882928731,4.471536075395055,7.765975584416851e-06,0.0015033178585741385
CRABP1,29.62113549624385,-2.024603555708703,0.4898978956540692,-4.132705148703747,3.5851852328227825e-05,0.004700888951351228
HTR3A,48.443471318537064,-3.0331452767822276,0.513404084223712,-5.9079102990940715,3.464745772085425e-09,3.0538846692789617e-06
PIP4K2C,6672.057885443627,0.6379266645403582,0.17487700141770218,3.647859120231822,0.0002644345574354638,0.019515743859734362
NYAP1,130.997478233004,1.2332675493795529,0.2831782365805082,4.355092977030147,1.3301044941645488e-05,0.002221344510754489
OR51E2,30.117354426522493,3.3583122162926298,0.839555197113145,4.000108900332419,6.331334170175043e-05,0.007131860104167388
JSRP1,98.6257384459153,-1.2624720149674262,0.2694556146186383,-4.6852689143412665,2.7959259374850896e-06,0.0006877327590879021
AQP2,3.729503799493158,-1.9653750729798853,0.5446558808279413,-3.6084712240548713,0.00030800666993036215,0.021864339247338528
ATCAY,24.663809829735513,2.0422690188045967,0.46764646075961563,4.367121725859451,1.2589457226952123e-05,0.002127940425853606
KLK4,5.107840174045903,2.640114696440832,0.6215642323218978,4.247533173809718,2.161371690864707e-05,0.003235022883152265
BMI1,5761.265321157719,0.6027270863755742,0.17578618889846076,3.428751087627976,0.0006063653623700401,0.03549922382539436
LGI3,18.588593288898622,1.026376579902935,0.31210013712192314,3.2886130373661993,0.001006823454605774,0.048774832119230255
MUCL3,25.36605427459146,1.200074849343141,0.3553790453925507,3.376886918072341,0.0007331118301289997,0.040597506949080785
CPT1C,486.0411917467542,1.1874173741849716,0.35431204526982607,3.35133222264768,0.0008042375566407544,0.04282849394234365
NPR1,138.94953597634273,1.3288707496405174,0.39500270788818687,3.3642066828986903,0.0007676403264773278,0.04178043773490925
KCNK9,27.472491611703642,2.393503070658065,0.40719884914213084,5.877971108466037,4.153253826986401e-09,3.561808032002851e-06
COL22A1,125.7480496665455,2.363986264792947,0.5191838478336271,4.553273902216018,5.2817432650107915e-06,0.001124798627799043
SPRR1B,102.45904329147173,-1.919981947903404,0.5833338036765733,-3.2913949711166217,0.0009969183504073712,0.04836883207458149
CT55,10.553514564300995,2.0376214418312473,0.5156891569549932,3.9512590372519325,7.774112203109396e-05,0.008362045909046245
TMEM266,42.617973833996246,-0.8194774960348844,0.2253686700477901,-3.6361642275348727,0.00027672794503803426,0.02011956572572713
SYAP1,5163.264670962921,0.3357391238641384,0.09694308324755055,3.4632602205028538,0.0005336720074681553,0.032011240962139954
TM4SF4,125.36577022749701,2.7313721328626466,0.5179062919779943,5.273873237629447,1.3357418670018527e-07,5.9696373495543364e-05
NSG2,28.84963650916501,1.8299596327468135,0.43257069876802756,4.230429009543609,2.3324604630416547e-05,0.003410659122247684
KRT4,2579.099844148296,-2.456965093525208,0.5050079431116876,-4.8652008884973625,1.1434061078407068e-06,0.00033907868418592025
SGCD,5.673045776422918,1.6126265750657653,0.46046071543486394,3.5022022965472392,0.0004614291251236264,0.028822062144286984
LMOD2,3.7809179404848914,1.4085109185384306,0.36911929415908495,3.815869126395173,0.00013570442098209388,0.012445193590123759
S1PR1,651.8066670693588,2.0953643152077284,0.4803819580826293,4.361871381621102,1.2895467445619905e-05,0.002165005701147964
ALK,45.55352708879098,-1.4251330142999905,0.38210304214189256,-3.729708631240817,0.00019170132025980827,0.01600756471885257
KCND3,25.88944502411732,1.352012756172362,0.41006424205171443,3.297075476290507,0.0009769724329108374,0.04776627468211677
APLN,165.39013816480934,1.318888172471964,0.35131777317860974,3.7541174206448193,0.00017395331013299924,0.014877931223261991
DSEL,1463.9759678279852,-1.1867403239986627,0.3376560135299291,-3.514642939695409,0.0004403456196025238,0.028170578337918712
RXFP1,4.003510453001594,2.033389709577311,0.5482665104999395,3.708761470262253,0.0002082755152562282,0.016773579630952735
FGG,204.6360996964012,4.267628890008727,0.4569019538692901,9.340360341793604,9.60068119763162e-21,7.615980377051223e-17
FGA,843.0264993093662,4.992787445721249,0.5684322754583024,8.783434124488762,1.5855776267505164e-18,7.187423382060092e-15
FGB,305.5889808460779,2.4572493100205755,0.5579292535677994,4.4042309922040515,1.0615978109625753e-05,0.0018714200077585264
GPR34,4.198016156691388,1.2434153449836356,0.29545753987419876,4.20844005373179,2.5713972552867883e-05,0.0036753606444822106
SYCE1,21.45869233831772,2.4187659833630186,0.40369247024466137,5.99160539679401,2.0777959584646004e-09,1.939133634060007e-06
PRND,2.00053807671291,2.813620057952771,0.7923951267341327,3.5507791037902314,0.0003840926414556939,0.02593115660857579
MAL,30.23243875444185,-2.8791133181861004,0.47211248094402725,-6.098363068964157,1.0716013555693586e-09,1.0625932066741037e-06
CLEC7A,86.27336422624283,-1.8414642113735262,0.490174577196544,-3.7567517717981507,0.0001721330851289171,0.01476204033574505
COPS9,1914.6684624799748,0.30519731624548807,0.09246580603075615,3.300650579350087,0.0009646093536177723,0.04745429364286129
ZMAT3,2114.4102849438327,0.5646227954075922,0.15355760383157058,3.676944555783104,0.000236044319394097,0.018312768456464772
ZBTB8OSP2,8.765788202272299,1.009506529659359,0.24440181457278193,4.1305197812217225,3.619439478837773e-05,0.004706903037008253
LRRN3,10.97807357406195,1.3187348813436555,0.28636177653725786,4.605135843512543,4.121966990672368e-06,0.0009477835839204705
C11orf86,112.81783838456244,1.7613580297650118,0.4615217166424317,3.8164141929850737,0.00013540513383182432,0.012445193590123759
INSM1,370.17911295558457,3.2028838566254083,0.6687674943779716,4.789233752463475,1.6741936851909986e-06,0.00046194643325909193
SULT1B1,25.923532032124886,1.7076054318201985,0.41646424013696265,4.100245032463334,4.1271291784034405e-05,0.005196743490472999
HSPB7,10.075928621155256,1.3605721019050705,0.40832881161451895,3.3320502085694423,0.0008620870142043956,0.0442635648021354
UQCRH,12681.219808751153,0.38036750254604235,0.09335806706107866,4.07428639559547,4.615565399878451e-05,0.005624842953830917
TDRD12,34.86933610502063,1.344679011418322,0.3706333327159704,3.628057416111566,0.0002855617640592595,0.020507345422812517
SLCO4C1,177.14823045251723,-1.751027252738987,0.39379821955951827,-4.446508810267331,8.727708924186806e-06,0.0016195259173881378
PABPC5,13.291687209105126,2.9924507231581443,0.7576339449104151,3.9497315864219633,7.823888014426311e-05,0.008379867506979053
CD248,25.622598755761757,2.2652459819946484,0.4087192466143394,5.542303184298283,2.9851885132185905e-08,1.787226730432813e-05
SCUBE2,59.31586839158483,1.5497230111661855,0.315052330221449,4.918938419141009,8.701483709174173e-07,0.0002765874432115129
PCSK1,217.8028563361236,1.9780596144282072,0.4420736059276412,4.474502860847062,7.658930122443186e-06,0.0015033178585741385
KLHL38,12.760772965014649,1.4356891630625923,0.38583037483238986,3.72103716221481,0.00019840623552836752,0.016352281193637998
PRR18,19.44905938653997,-1.34328481663728,0.40426062034201826,-3.3228188674445094,0.0008911275814941556,0.04538743063947199
KCMF1,5625.363673274799,0.28080632615833917,0.08041028557457207,3.4921692436712077,0.00047911456691093665,0.029635057159163605
DCAF4L2,15.49571649191613,3.440246186989162,0.6796853219877367,5.061527850753312,4.159099685567908e-07,0.0001450246067283025
MIR7-3HG,3.9024157566195377,1.9218081996492364,0.49697860394432775,3.8669837783690983,0.000110189754421878,0.011026430367917719
SOX11,72.20263345593064,2.1281521391950933,0.486988695693124,4.370023694628322,1.2423305534485146e-05,0.002119375849004022
MAMSTR,128.13203228591385,0.9130410271987874,0.22673145336922887,4.026971175066361,5.649995589667861e-05,0.00656703333537549
NHLH2,3.1337128099980913,2.5162426552067982,0.6894071683491265,3.649864362786164,0.00026237881921804704,0.019497757172383726
ANXA2R,266.2044532246984,-0.8187750176848658,0.21979793913225204,-3.725125999439924,0.00019521768864847188,0.01620340600857197
AMER3,7.868622355503416,3.8862526910184565,0.6182002426670531,6.286397873692672,3.249165870421134e-10,3.6821172226547504e-07
KCNG2,14.880625500817052,0.9882549177559539,0.28135550749987964,3.5124776000923905,0.0004439494254515421,0.02823037919639856
CALML5,9.06776684985172,-1.9251695334535566,0.5486098870654537,-3.5091776120758613,0.00044949462530754103,0.028412179194489216
LMO7DN,3.0029731575137206,-1.4997212596958,0.4514451867980169,-3.322045075578128,0.000893602567461096,0.045440549788634675
RFLNA,95.46155832458817,2.0522608164697793,0.47251115838691155,4.343306565448988,1.4035406053095282e-05,0.0022956570591276615
FAM133A,248.41862449617506,1.741322196977957,0.518077690404922,3.3611217568873983,0.0007762659767966069,0.04210546275168057
RPRML,25.003957722093652,2.2554190577427744,0.5123504338363296,4.402102367426253,1.0720694997088445e-05,0.001879438524600074
WDR97,174.16759318643642,-0.9324047481783372,0.26892287317871233,-3.4671827545093525,0.0005259441714323439,0.031797924656591973
ABCA13,316.47699924717557,-1.9216532080338218,0.42458823790522604,-4.525921908516838,6.013278348147215e-06,0.0012539812238011351
SLC9A4,11.68991391223109,-1.673362730747446,0.38659459417314807,-4.328469036993258,1.5014943671520458e-05,0.002382195888205078
HCLS1,116.37943189417769,1.2356073214552576,0.33935240611548273,3.641074290879719,0.00027150277151491973,0.019942255654953514
OR51E1,15.734024148538067,4.6303021246724185,1.0168381861269198,4.553627300631757,5.272873893695283e-06,0.001124798627799043
OXTR,1045.079254638341,-1.6824576244724143,0.34763808559746195,-4.8396815371390876,1.3004735180458617e-06,0.00037858096514782787
PENK,44.12041468082998,-3.0888157952870006,0.6055629248565013,-5.100734652833888,3.38337623185961e-07,0.0001233998979461348
LINC00334,7.8644071733322045,-1.075243527744298,0.3020526570744827,-3.559788343391912,0.0003711538124966743,0.02527381445529565
SLC35D3,16.97210784914518,1.9765950100327292,0.4196634313284847,4.709952934845023,2.4777400142255057e-06,0.0006239775269157899
PCP4,8.298138466176795,2.25223793048912,0.5486233703463588,4.1052533527094,4.038720002025135e-05,0.005126104975370383
FREM3,1.837059938394459,-1.422529309126956,0.4175807800256055,-3.4065967045699,0.0006577824346242015,0.03767526070949556
SERHL2,134.14863753632582,0.7350473850430306,0.18143537905017887,4.051290265939486,5.0935971551196725e-05,0.006021644613083865
FBXL7,197.76222305559492,1.693933481633073,0.48065866700921844,3.524192109492505,0.0004247761557652891,0.027507290201200792
GKN2,4.496274117705789,1.969295639148478,0.5853096412955568,3.3645364781443368,0.0007667234819606734,0.04178043773490925
TBK1,3422.7796909130157,0.6254444266168154,0.13922373986813832,4.4923690974627375,7.0435212650936445e-06,0.00139686233289179
KCTD16,37.63459787557458,1.2594896649642682,0.3127058846014863,4.027713346582419,5.632195264768505e-05,0.00656703333537549
NCF4-AS1,1.6894815652813395,-2.8640961354339107,0.8153927629437278,-3.5125356338630747,0.0004438524810479777,0.02823037919639856
ANKRD45,15.787551580885674,1.3946265926625825,0.3854581192111455,3.61810148276741,0.0002967720343698785,0.021252713212583298
COA3,2345.495919836691,0.31799968237105625,0.09626130041582011,3.3035049495216926,0.0009548428383992555,0.04711993484486279
POU3F2,93.61006793899024,-1.308736494426909,0.3984211374964298,-3.28480688211136,0.0010205229393704589,0.04928799602612485
CLDN6,65.06611497413449,1.5650038920943619,0.4182807357019568,3.7415155863393514,0.00018291383102568597,0.015477436726069445
MUC6,70.6926202536272,-1.71661420621604,0.3314554782083246,-5.1790189605408266,2.2305580041770906e-07,8.95921975070168e-05
RFX6,14.555363456048465,3.486497636022565,0.6648272344271032,5.244216024072719,1.5694822860463463e-07,6.822088002539263e-05
RPS27L,3427.218259422162,0.5690087272533825,0.15545278764910372,3.660331447627553,0.00025188920594322074,0.01907564771786238
SFTPA2,56.01143360602279,-3.9470403932477662,0.5163471595004272,-7.644160175232842,2.1031346938079376e-14,6.066778815383606e-11
HS6ST3,81.25230059916437,-1.8926431118760743,0.4577561686810504,-4.134609736291302,3.5555832864943856e-05,0.004691409949099564
PDE6G,10.606472371605586,1.019946667475266,0.27606864046660134,3.6945401178177595,0.00022028511359789807,0.017259635470014474
DLK1,17.33897763231755,-1.8743193332214805,0.3936477584548397,-4.761412437806394,1.922427072439442e-06,0.0005213720806459481
KRT79,20.536267402507008,1.880530016229235,0.5618070880336091,3.3472878080113078,0.0008160643659300708,0.04316141364314288
CALHM1,7.757457541476423,-1.0623288875331471,0.3023073291015397,-3.514069244336215,0.0004412977606982173,0.028174686609084773
SLITRK2,11.231420914751498,2.3371496134950522,0.6373036764874251,3.6672464002977825,0.00024517651329857796,0.01881253557306909
AC013268.1,5.482779574908919,2.3785666352338333,0.6866733477070767,3.4638982904699684,0.0005324077737932385,0.03199589217847207
SLC51B,17.68467214094496,2.6950592379071328,0.5256342918960152,5.127251550095383,2.9400257872522685e-07,0.00010847669564569969
FOXE3,4.647183420838189,1.2412768587378697,0.33563162648952,3.6983310295301637,0.00021702174464933535,0.017172860297925335
KRT14,203.2940618962293,2.342085557098376,0.4376384819135644,5.351644459732287,8.715851755773532e-08,4.3311549352466375e-05
RTN4RL2,263.44807650056055,1.0142283624021928,0.29216292737164906,3.471447837432271,0.0005176598925909303,0.031527573995782744
TMPRSS6,33.928830261432324,1.2410810028117873,0.30292519954058833,4.0969883149173185,4.185600217625004e-05,0.005228869311238543
BAGE2,139.14868196809573,2.3567762341039433,0.6151018903004016,3.8315216897690694,0.0001273531446869588,0.01199122443341807
KRT12,3.286257223357589,1.6308789631186418,0.4903926635412978,3.3256593835264407,0.0008820965176004833,0.045072149114301026
TRPV2,526.4915678037297,1.5801962005336931,0.45598362443834406,3.4654669945222123,0.0005293114919628028,0.031870176378504166
DNER,1513.3628795473269,1.8366793013874196,0.3859351321576679,4.759036294827578,1.9451945903683133e-06,0.0005230760131099742
CLCN1,12.31226667609111,1.4339505724039028,0.3967047092390684,3.614654777238233,0.00030074810228961405,0.02144502928932976
NCCRP1,119.53249029103343,2.070291128187232,0.4378979320792466,4.727793799703467,2.26972507052664e-06,0.0005761651697030465
COL25A1,40.07436780613128,-2.0604150193826762,0.49392056912670174,-4.171551354959128,3.025328534553457e-05,0.0041890369962992256
GOLGA8M,8.777703735139209,-1.3359311390449096,0.35474976301806954,-3.765840821652254,0.000165989523518637,0.014433789761303611
FSIP2,257.8181407994798,-1.1248893590466658,0.31709966078741564,-3.5474316063705738,0.0003890067381816819,0.026207160953806687
FAM78B,68.42079749874692,1.5778980173532673,0.3978168345922822,3.966393274860871,7.2968426490457e-05,0.008011630245566405
MSL1,6932.819735246896,0.3851556964708084,0.11028608758108016,3.4923325771951923,0.0004788216614207882,0.029635057159163605
UTS2B,7.717825136209858,1.1764322817081203,0.31671801131501087,3.714447046518074,0.00020364850681056903,0.016523754706278985
GAGE2A,19.16108082020045,3.611669187930643,0.8865759732129675,4.073727798918222,4.626655355803061e-05,0.005624842953830917
TOGARAM2,48.365142713673855,1.138545729323914,0.31078395762852323,3.66346364211246,0.0002488275496042845,0.018979680231955655
SPATA41,32.40422311287278,-1.1660605706112026,0.27631197277113423,-4.220087023073141,2.4420803194115706e-05,0.0035383402107419426
MYT1,55.08132979876283,1.4009417318119437,0.39688045887303397,3.529883370398236,0.00041574289342571826,0.027239799899902696
CTSE,21.68451728218153,-1.4215884743670382,0.33424216724281175,-4.253169150062143,2.1076624763573974e-05,0.0031846780017760275
BECN2,4.789495190190147,1.5817755015283765,0.4163156538717881,3.799461987118824,0.00014501055159146813,0.013109201745153492
TMEM26,7.860705043317726,3.1860134349543134,0.5953794274898312,5.351231983924619,8.735744724584312e-08,4.3311549352466375e-05
ZNF679,1.2642300299446814,2.9875196320643864,0.8987106391853372,3.3242286246577786,0.0008866347765614123,0.0452312027251932
DIO3,23.513113535134696,-1.9253449136747374,0.5301897768049973,-3.6314259495480146,0.00028185953603131745,0.020372858628268188
MAP1LC3C,30.25024435686213,1.7333165812608886,0.48422535058291616,3.5795659586477697,0.00034416537398038264,0.023896524030134623
ADAMTSL2,12.464217080148023,-1.7597154889170161,0.46462265412987525,-3.787407852965184,0.00015222711191492454,0.01358378368443545
NRAP,2.237660680977847,-1.6146066850188063,0.4880713821907394,-3.3081363586030013,0.0009391906794352453,0.046710751487711234
MRPL42,4954.682822534891,0.35175863554793746,0.10198017878900384,3.4492843582449804,0.0005620744644460172,0.03320430041196029
FCGR1B,6.261130429149228,-1.00946022589104,0.302334846174832,-3.33888150394446,0.0008411643770471674,0.04374553772696437
TUBA3C,18.810941860953452,3.485542155824241,0.6443659005673706,5.409259168983316,6.328599079951338e-08,3.3468796234322655e-05
RPS4X,68334.898153525,0.4583861847938519,0.11250081586463043,4.074514315926536,4.611047686932688e-05,0.005624842953830917
PEG3,157.0672531868113,4.0163671854607745,0.5519403513135636,7.27681383668039,3.4179640409459084e-13,6.379730410779684e-10
MYL4,4.501728968031673,1.3958113098794813,0.32210593873938986,4.333392036614411,1.4682930213846156e-05,0.0023530508010886483
RYR2,309.9548747479503,1.7500496752075752,0.45808449205738044,3.820364377208301,0.0001332546634381548,0.012323415200318091
APCDD1L,579.3318011320104,1.722149725785574,0.5134312108086738,3.3541975819372616,0.0007959550559920967,0.04259097787805265
CES1,7789.995010059563,-2.231978462753727,0.5767335464697293,-3.8700340502403496,0.00010882015342391144,0.01092712749460169
POU3F3,39.87832484219047,-2.7473549607279684,0.559759907201944,-4.908095284031852,9.19651744530988e-07,0.00028712069900253096
RORB,36.79321123182974,1.4030155272661842,0.4197239057288779,3.342710548806498,0.0008296438952448445,0.04336973713346649
ENSG00000203286,1.9192467711625176,-0.892196511201945,0.26468782369734006,-3.370750111354332,0.0007496382294600761,0.04123650483272004
TATDN3,784.2407083541174,0.40212282852910297,0.1139839240546961,3.5278907255038976,0.0004188850418310301,0.027349056095350648
RAET1G,136.86745714424745,1.2017404740405693,0.31257815809741163,3.8446079577513537,0.00012074531978857783,0.011610211340034433
PRR9,2.4252822088886234,-3.319333446314159,0.6435062655787613,-5.158199109885577,2.493363943829698e-07,9.648406256300017e-05
SPANXA2,61.16531763670655,-2.203365462182983,0.6136423822798385,-3.5906344245599793,0.0003298740463401832,0.023055580097842185
CCDC160,39.05234700287279,-1.8937314744043612,0.4573627666112605,-4.140545782586528,3.464804445842416e-05,0.004600071542720741
NHSL2,166.01274971488448,1.7029248290274597,0.3539954532088882,4.810583903241789,1.5049001384977308e-06,0.0004188770727602763
COL5A2,7697.46292023076,1.8941561167442913,0.46401629470608974,4.0820896558041335,4.463257122662494e-05,0.0055533608968243815
SP5,136.13870958335264,-1.5480516879024335,0.40251885854182323,-3.845910955602059,0.00012010537770066023,0.011583780364193464
C6orf15,77.96255764942809,-2.388951238916108,0.5801616467181168,-4.117733828890671,3.826162388418385e-05,0.0049055251854035
C9orf135,6.497385087327269,-2.0886559305296366,0.5572123892600899,-3.7484018137197506,0.00017796498108948525,0.015180125846641012
IGFL2,26.886164086705925,1.7087800932246289,0.5107018487804036,3.3459446001719613,0.0008200277782352707,0.0431682189292422
PCDHA4,205.6357440134548,-1.432118709753022,0.4342374917973689,-3.2980079721474183,0.0009737336973257206,0.047681394984324756
AARD,200.60652862971932,2.141728540294939,0.4938768179913966,4.336564224669173,1.4472715268503294e-05,0.0023311356760653706
CCDC144NL,28.67682948826107,-2.057249694280534,0.5610231088894644,-3.6669607039054495,0.0002454504972188271,0.01881253557306909
MUC19,15.558346048584822,2.0737067194204286,0.5387148418386148,3.8493588042663545,0.00011842742546904924,0.011562525038641237
VCX3B,7.049913774336396,1.7639817275282554,0.44120128862476904,3.9981336705217085,6.38438952362719e-05,0.00715841215456588
MANSC4,11.587746725165424,-1.3571025575718212,0.3402046812285877,-3.98907667193435,6.63309810539717e-05,0.007385081964293249
LOH12CR2,58.02487148981478,0.7773488919260022,0.20567979911077067,3.779412928672466,0.0001571985500909501,0.013972177011025037
ONECUT3,94.21770986252835,-2.6167372342348503,0.5506131063017982,-4.752406370800376,2.0100986026059943e-06,0.0005313669081597136
VGLL3,2900.121074840585,-1.6439242097229105,0.4704088410076166,-3.494671159244418,0.0004746461635079118,0.029589385882651375
DIO1,6.175031928582404,0.8817181145715085,0.267802591910483,3.292418151300925,0.0009932980552552326,0.04826698406018956
TRGC1,1.3923021851289719,-2.2620927246288844,0.6191094416549592,-3.653784892347983,0.00025840277659668455,0.019427173594670766
NRAS,7820.470249079632,0.5255300212303983,0.13556916477222294,3.87647163064971,0.00010598216052040247,0.010675936303088543
PTPRCAP,33.83109943538846,-0.8630113615829245,0.2233793847445835,-3.863433335935226,0.00011180441518021723,0.011086455931510853
LAT,534.3839679697682,-1.13906294466434,0.30665633719157,-3.7144608035697004,0.00020363742913931024,0.016523754706278985
HBE1,31.976051419712835,1.679457710525969,0.4755369737852495,3.5317079493473935,0.00041288508293595795,0.027230056307443608
COLCA2,123.8096577448194,-1.4589082938364026,0.42301300334463304,-3.4488497571026557,0.0005629798500404852,0.03320430041196029
OR7E122P,3.458492659752671,-1.1613548274014414,0.3177615449721189,-3.6547997886381793,0.0002573827541518804,0.01939907879333329
AC116351.1,31.81792477489215,1.3910128398581332,0.39461971374067756,3.5249451343229916,0.0004235705102333691,0.027485308507597207
LINC00189,9.324747483448236,3.008616866626445,0.6595323485442781,4.5617426852027405,5.073079500092467e-06,0.0010950604463771025
AC245297.1,46.134819931999935,2.357470056596418,0.38243885524476223,6.1643058080163655,7.079301442957822e-10,7.745976347810161e-07
IGSF23,8.2643678785797,1.5409065641434172,0.3639155114526041,4.234242607556735,2.2932327184443404e-05,0.0034003068873344564
GSTM2P1,1.3965745334983013,1.4451846983591645,0.4187440829702683,3.4512361060914998,0.000558025168097559,0.03309662917552083
PSG7,13.940622296500772,-2.104182808959399,0.5665776291472279,-3.713847318903968,0.00020413197960547608,0.016523754706278985
CSNK1A1P1,6.9286360057758865,1.2961794966282092,0.29024443448564996,4.4658203314912965,7.9762528641141e-06,0.0015339059371588153
EBLN1,1.4787106297207457,1.752732467382427,0.5017538928369909,3.493211497517673,0.00047724836192575596,0.029635057159163605
AC007255.1,68.01193807857153,-1.2053092693387333,0.33010828477146875,-3.6512542245740938,0.0002609627602348576,0.0194380501056626
LINC01014,4.415089851593622,2.9915268620799904,0.6980503131640001,4.285546192967842,1.822907643650883e-05,0.002835425609837557
BCAR3-AS1,32.559894450202265,1.3504209217601635,0.3092467970913428,4.366806493912651,1.2607632916090822e-05,0.002127940425853606
CHL1-AS2,2.81919395138868,-3.168479249371986,0.9414328109564798,-3.365592544148599,0.000763794410364762,0.04175726874819377
PCOLCE-AS1,18.30316155593242,1.2425008092336276,0.3201589661434783,3.880887123669697,0.00010407613922708755,0.010550926433912828
CETN4P,36.60272320298355,0.7602410337038106,0.20571540806846214,3.695595973301145,0.00021937159184749584,0.017259635470014474
PRRT4,71.12221939813189,-1.2807058937686575,0.37731664013944943,-3.3942470528077737,0.0006881758029668694,0.03892425383946833
RAB6C-AS1,4.986922726878539,-2.0847034623810123,0.6198804378566586,-3.3630734817011274,0.0007707984363982099,0.04188048833108151
MEG8,5.79431065557438,1.8035904306541117,0.47174922268387853,3.8231974615519535,0.00013173219990098326,0.012222205950462282
MIAT,341.715959698067,-1.2656737340745,0.3204941321428479,-3.9491323151912643,7.843498942903718e-05,0.008379867506979053
AC004540.2,33.49228449615985,-1.063705434686635,0.3174484631630939,-3.350797241504176,0.0008057927857167804,0.04282849394234365
TSBP1-AS1,26.658956617134713,2.091955110959122,0.3749137931617262,5.579829681157442,2.4075421200350524e-08,1.527874380216645e-05
ELFN1,145.1244428588975,2.122659298777465,0.4354078363292149,4.8751058701031456,1.0875011578592654e-06,0.00032864284990507
MTND1P23,283.7940835629715,4.211809552873739,0.38706416082535067,10.881424784699126,1.4133631032716888e-27,2.2423712314956979e-23
LINC02660,1.4301749150391692,2.529823821989019,0.6908217307177837,3.6620501491180066,0.0002502048631057074,0.018993422275615315
KRT16P6,22.72986829783587,-2.005398095344613,0.558848154292746,-3.5884489909115973,0.0003326510588986238,0.02319857307673018
CROCC2,5.422490457412571,2.3711392604896107,0.6390192314783177,3.7105913933203194,0.00020677562789342313,0.016695158902509437
GAPDHP32,2.3357472050426638,-1.9427074039102559,0.5147129836738139,-3.7743508820080525,0.0001604248324634226,0.01414011210804684
AC008013.1,16.15045268207908,-0.9867032097350563,0.2900126268645639,-3.4022767229229895,0.0006682693533630507,0.038206945678491824
FSIP2-AS2,3.480482424206776,-1.6872025750530864,0.5110676355455827,-3.301329330416195,0.0009622785900202432,0.04741313965828002
RPS4XP2,33.435071157233686,0.6370397944423928,0.15545392921998713,4.09793305089703,4.168558012897557e-05,0.005228162620840015
LINC01203,13.549049728425475,1.725097447669342,0.48216407480187434,3.5778224422427165,0.00034646867501871,0.02400392473148185
TRGC2,1.0996140913742867,-2.02807802822917,0.5206517951621973,-3.895267522504879,9.809040496896281e-05,0.01004034400022632
KRT16P2,803.0854548879387,-2.203178125040751,0.6561915182535116,-3.3575230153913385,0.0007864419587106088,0.04222434820955385
LTB,104.38534087476866,-1.4828725845547213,0.4183214430608487,-3.544816095738663,0.000392887103839551,0.02641250146595931
SNX18P26,2.2537928016269335,2.293565044564526,0.6860883209369354,3.342958879452123,0.0008289018181819264,0.04336973713346649
SNAP25-AS1,19.520741789673785,2.4012078219684962,0.5431329855010241,4.42103110300593,9.823103158087997e-06,0.0017609993576796058
AL109741.2,3.503295005986224,1.319717385547596,0.3821091942457764,3.453770297656698,0.0005528080125148246,0.03297208843065394
LYPLAL1-AS1,11.685645862987291,-3.5470526319391014,0.4620803902288736,-7.6762673918757,1.6379105608842524e-14,5.197254000741821e-11
AK3P5,9.051723063181178,1.4261809524996332,0.32173485310302513,4.432783513332779,9.302425877663748e-06,0.0016964096294491285
HOMER2P1,8.969674163444314,3.0640146561587684,0.6952071776855692,4.407340364866848,1.0464767460936048e-05,0.0018550700352120769
LINC01165,9.161015626608775,-1.427361265358509,0.3883377248087987,-3.67556684342548,0.0002373218913198153,0.0183669778865099
AC011287.1,19.83912746519002,-1.755466219210358,0.4256411471839059,-4.124286927673084,3.71885071078959e-05,0.004797684735074828
ITGB1-DT,168.94380422608313,1.207671738969849,0.28938189887484533,4.173280165986314,3.0024535617696963e-05,0.0041890369962992256
XIST,9414.871711972626,2.05438195167806,0.5580598802912117,3.6812930372382704,0.00023205411308078113,0.018091668457410975
AC004835.1,3.9990342057657293,1.5907966952497339,0.3945642667362057,4.031780952716873,5.5355769588181845e-05,0.006481527397795565
AC104461.1,45.75760386610731,2.0335432225889996,0.5566452463768229,3.653212231354233,0.00025898000159294487,0.019427173594670766
RHOQP3,3.663030760255914,0.7069732522006729,0.2089536807009839,3.383396979794594,0.000715950622333789,0.04008982674619689
AL133284.1,2.5561811491829323,1.8388955815723844,0.38693721427163075,4.752439191029778,2.0097722419301703e-06,0.0005313669081597136
LINC00326,11.621764283335883,-2.2191530381563864,0.5367896865060127,-4.134120110617158,3.5631710243389585e-05,0.004691409949099564
C1DP1,22.752942585486863,1.1856362585898037,0.2327097501119842,5.094914407407742,3.4889884987093157e-07,0.00012460594449473513
LINC01160,14.448132495354757,0.9457738443445236,0.2786214801430365,3.394475701797972,0.0006876014136590013,0.03892425383946833
LUARIS,29.098285524772397,1.5880801226124257,0.39136933389205353,4.057753086629026,4.9547111025254425e-05,0.005910448796775745
LINC01819,5.1226739270968915,-2.146196564952281,0.5027519934871814,-4.268897175455958,1.9644179266059235e-05,0.0029967762129390653
FAM238B,1.840269365096617,2.878032779458141,0.828988250518548,3.4717413397088275,0.0005170943051733845,0.031527573995782744
SILC1,6.110636512958459,1.8717896766389823,0.40892889471330945,4.577298647363255,4.710187935048396e-06,0.001037909537270977
LINC01517,6.568127141496585,-2.499645957868633,0.6269076880572773,-3.987263205552288,6.68398607625016e-05,0.007415718957534749
RHOQP2,2.565609928297282,0.9988480144408604,0.2549129893776393,3.918388062058003,8.914310981097986e-05,0.009243790906575823
TNF,15.409604194948761,-1.1328309371100425,0.32470631824828283,-3.4887862460496892,0.00048521899242547984,0.029954248732787743
ERVH48-1,15.934991486808133,0.9026133096145166,0.26866846036562286,3.359580459820915,0.0007806091684083537,0.04217636707135264
LINC00456,10.495033077802251,-2.186314909937785,0.5269062100854819,-4.149343598708186,3.334300094035492e-05,0.004483079503552551
SSBL3P1,22.006590636230243,0.5781371579751982,0.1717194013470118,3.3667550284949717,0.0007605821947519892,0.04174587040929864
LINC00513,51.79721493784683,0.9027939087504651,0.2739332223645723,3.295671481383717,0.0009818675948531047,0.047858126962033586
PAGE2,15.516925609335015,4.037138956049008,0.7618744271591201,5.2989558543167075,1.1646678667461138e-07,5.35595305503202e-05
LINC01505,3.427053341189387,1.6319063286026276,0.4568859517089903,3.571802377592158,0.0003545329017631683,0.0244027841775425
AL139042.1,2.877708161761422,4.480212127764034,1.045322011380083,4.285963635118568,1.8194875178257256e-05,0.002835425609837557
AL139339.1,5.28898409852133,-1.3500877556804165,0.38945724254859143,-3.4665878771325462,0.0005271093999359421,0.031797924656591973
LINC01287,346.4046438455301,5.213476180421539,0.4709153617956184,11.070940987234634,1.7356839275469063e-28,5.507498670499088e-24
LINC02532,11.158034491224663,2.4436793039482585,0.42533653453402226,5.745284276191869,9.176668285557526e-09,6.617837758386951e-06
LINC00383,3.694388374364266,4.735319294832295,1.0788626341808738,4.38917721756819,1.137803221534614e-05,0.001962154022962763
L3MBTL2-AS1,54.77182091864633,-0.7517962733829575,0.2116909619043453,-3.5513857871866263,0.0003832082693531416,0.02592661320862374
AL390860.1,2.8080520132950113,3.925935097435341,1.0602524717745616,3.7028304125190488,0.00021320741066414335,0.017084051383292758
LINC01447,5.968705720921986,1.8310873487859776,0.38625874152904527,4.7405719325274775,2.131157717798096e-06,0.000549786711735377
MYO16-AS1,2.2099469930023865,-1.7142914459015226,0.507489333367221,-3.3779851775939798,0.0007301901641497254,0.0405064057668443
AC005220.1,4.4784086018187645,1.5310481758898742,0.45386814743365145,3.3733325075730063,0.0007426421266930717,0.040982221429735406
RPL7AP15,1.858927043456723,-1.2709037100833593,0.3503071678517072,-3.627969469986298,0.0002856590298724633,0.020507345422812517
SHISA9,232.91183519248972,-2.9842525508339333,0.42285261602756147,-7.0574295575350545,1.6961069614274917e-12,2.9899538885030965e-09
MAP3K20-AS1,8.539664660787611,1.4582582425710162,0.29602883869163915,4.926068179762793,8.390073265576133e-07,0.0002716585865204044
PAGE2B,6.872083346541534,3.5851365603354397,0.4755467282494905,7.538978500666996,4.736670455558853e-14,1.1947779474708116e-10
AC063944.1,4.875759855593754,-1.4920885808193654,0.3709168490331607,-4.022703699518297,5.753385760010847e-05,0.006638570310941971
AL133163.1,3.2596308841057238,-2.111491734607534,0.4602767372678236,-4.587439606748819,4.4871517342170476e-06,0.0010170129405602938
CPHL1P,60.37441594391865,1.9617048494730949,0.4589233298767529,4.274580788908519,1.9149725991658557e-05,0.0029497085215597946
C1QTNF9,2.1072978779288607,-1.6554425726988693,0.45162854403914016,-3.665495891586961,0.0002468597747686096,0.018874957863090968
TPM3P9,1047.7891868280508,-0.5401458256704875,0.15882776317148678,-3.4008275057509345,0.0006718220608578484,0.0382721468816524
HNF1A-AS1,14.079731113794118,2.2123813494328437,0.626422236498453,3.5317733319933122,0.0004127830164093597,0.027230056307443608
NECTIN3-AS1,44.494006178005435,1.0912910974119938,0.3095614877314797,3.525280568358695,0.00042303448620197823,0.027485308507597207
UGT1A10,47.10679409617514,-2.304992671935816,0.4916760914076943,-4.688030823985159,2.7584647756800588e-06,0.0006838191077898746
AC009228.1,14.1173912461839,-0.8537767141441209,0.18900085116816687,-4.517316767978245,6.262818103075974e-06,0.0012904252027837906
GSTA1,34.4162363817444,-2.464636769428314,0.6155356055784619,-4.004052319787614,6.226658421273254e-05,0.007081652271162066
SIAH2-AS1,8.925801778884143,-0.7595189196622099,0.22987728837676957,-3.3040189617051516,0.0009530938558905826,0.04711993484486279
PTCHD4,69.7154624387711,1.9222464611505645,0.4608874411303808,4.170750360296276,3.0359830503114385e-05,0.0041890369962992256
AL357153.1,7.66956253385448,-1.4159374157166142,0.4277667661242569,-3.310068775434778,0.0009327305003541374,0.04666791625141589
SOCS2-AS1,118.08119725972789,1.2434958772602411,0.3271124959754264,3.8014319005216355,0.00014386228074686914,0.013042554372511157
PES1P1,8.18088617050224,3.873526076854006,1.0465365292616695,3.701281291716377,0.0002145135085468978,0.017102332009300537
LINC02434,8.378933569208792,2.684936783383226,0.8175490917275562,3.2841291251510145,0.0010229804098470221,0.04933159784932501
LINC01085,16.951383366416483,2.2095272869853266,0.6565602047403344,3.3653079657168394,0.000764582683895893,0.04175726874819377
TMEM132D-AS1,22.894593396229777,1.8848982605070341,0.5712820464691309,3.2994179882894046,0.0009688553220236596,0.047589393534261205
AC004704.1,7.322324527908601,-3.0412276818235204,0.5241361117716805,-5.802362427468674,6.53870370629444e-09,4.825107146614625e-06
TUNAR,6.501844179847675,2.0787043380674723,0.5787113067730197,3.5919539047174256,0.0003282079127281339,0.022989768827321008
KRT8P33,150.45041356047724,-0.6329909189049912,0.16599096350160233,-3.8134058960316883,0.0001370647292283609,0.012461893762593467
LINC01511,8.013210806249797,-1.0815232439889273,0.32310673433581516,-3.3472630838602875,0.0008161371588000923,0.04316141364314288
AC105460.1,16.652738546407544,2.479077719737991,0.724868677887092,3.420037029278482,0.000626126122386639,0.0364543265861476
AC093866.1,38.49702397269749,3.0225463349290025,0.4632838334043618,6.524178304946104,6.837533128376923e-11,9.04007348735534e-08
LINC02241,10.544692989605544,1.6286487451423663,0.38621618990147183,4.216935456687751,2.4764481894426637e-05,0.0035718262499638714
AC100801.1,1.1319498305136118,-2.2492923238911238,0.6735863742241881,-3.3392782424997467,0.0008399638519682276,0.04374553772696437
AP001330.1,1.0732032499059552,2.3219896485870017,0.6047526486376368,3.83956920869696,0.00012325038305802653,0.011744318032475195
PCDHGA8,100.27943177374536,-1.2193440304311909,0.3342657148257837,-3.64782858770515,0.00026446597521936834,0.019515743859734362
AC087752.3,5.586649414749539,1.3251633129678375,0.2891750221752374,4.582564922100364,4.593070407010791e-06,0.0010263571625694326
LINC01419,30.45501078767914,3.626831419058668,0.49080158107459165,7.389608263114916,1.472620217607778e-13,3.1151808083274935e-10
PKIA-AS1,6.35985038555945,1.2520775737136112,0.3774811115614676,3.316927749137794,0.000910131493848987,0.04604798685672295
AC100858.2,11.503387669169888,1.9730584988043856,0.5580591605884646,3.5355722800497107,0.000406892914586747,0.02708086172235687
PCDHB17P,55.022903345924966,-1.9955093712670633,0.44705458833866263,-4.463681669575844,8.056322958081985e-06,0.0015399709866439728
LINC02617,4.975691001815495,4.497274191746997,0.8519046892011415,5.279081391093452,1.2983312859191145e-07,5.8853357190713456e-05
AC025423.2,117.22552847783922,0.5395422596661563,0.15263186754688063,3.534925362165517,0.0004078903539736674,0.02708086172235687
AC090023.2,5.3518609658843594,1.7732511922986263,0.5299452915250159,3.3461023631246296,0.0008195613421630187,0.0431682189292422
AC134349.2,4.580686709733954,0.7582096250019956,0.2300355148329704,3.2960546355311013,0.0009805294430112936,0.047858126962033586
PPFIA2-AS1,1.4610272412243193,2.3463069868572006,0.6605441710604858,3.552081888922384,0.00038219589534547354,0.025913371699160727
AC025154.2,24.193697439838022,-2.046787406154197,0.5527245723675343,-3.70308741184965,0.00021299145241696795,0.017084051383292758
CR383656.4,2.7569604141293795,1.6133901972810731,0.44186391780275186,3.6513282308814605,0.0002608875602944456,0.0194380501056626
MGAM2,22.320109121238062,-2.255980415896977,0.34612804832966254,-6.51776250663256,7.136386125476314e-11,9.057786725899557e-08
AC027288.3,36.5460618935745,-1.1377754192800174,0.30824339199930206,-3.6911591580285803,0.0002232343914708567,0.01744692235409299
AL161668.3,7.836801691044293,-0.7453426816825452,0.20532756613854022,-3.6300176138046742,0.00028340187995628397,0.020437784211120108
LINC02274,6.568995027722128,2.4452812291555976,0.4578114897254975,5.3412404101561135,9.231273535821953e-08,4.50642370100256e-05
NBEAP1,48.560802751971906,2.291607834463406,0.4356786269621605,5.259858282335333,1.4416646807743792e-07,6.353536386896086e-05
LINC02303,14.750679425944027,5.19941485658811,0.8598710568231145,6.046737839738325,1.4780797269912786e-09,1.4212408429442503e-06
RHPN2P1,2.072441218677399,1.6304682923921738,0.4826409499267416,3.378222035738279,0.0007295614772383223,0.0405064057668443
AC091544.2,20.72501819709235,-1.8875893358895843,0.5128617915874069,-3.680502948069359,0.0002327743678875598,0.018103341831961176
LINC01193,8.654872166924457,2.5208614703378185,0.7523157122982737,3.3508026339590296,0.0008057770955445732,0.04282849394234365
AC010247.2,5.564116378971382,1.8097418902899642,0.46842193422835093,3.8634866517752204,0.00011178000413168297,0.011086455931510853
FRRS1L,40.10205544483959,1.8049898806275373,0.5241718250038723,3.4435080149800172,0.0005742195734883157,0.03380438086522773
AC091544.4,23.003772367115953,-2.114744898320186,0.48717189649190423,-4.340859794147278,1.4192626636341089e-05,0.002297684876519077
AC083801.2,13.082998016431224,-1.8910146770549763,0.5518647512591381,-3.426590795553485,0.0006112093845610148,0.03571691525139146
INSYN1-AS1,1.3956593849834327,-1.6997745730568892,0.5138005308944381,-3.308238257554687,0.000938848992832577,0.046710751487711234
AC061975.1,10.44409751755859,1.2487646646313448,0.30608773693271923,4.07976051946777,4.5082120508952345e-05,0.0055533608968243815
AC022893.2,5.758049450281455,2.795030657373441,0.7260168755305426,3.849814999590678,0.00011820707364944673,0.011562525038641237
LINC00622,45.07306437163216,-1.41245198941996,0.3325290089687851,-4.24760532562303,2.160675945131398e-05,0.003235022883152265
LINC02178,5.556398334019662,-2.688714522381792,0.6292708238669801,-4.272746201483119,1.9308017988905527e-05,0.0029597232792558516
AC026992.2,10.05541654366043,1.3119987722092052,0.354736749212996,3.698513827845438,0.00021686553747664937,0.017172860297925335
AC110597.3,51.37540030801297,-1.4779741027096394,0.4109108799483239,-3.596823970432492,0.0003221263163772981,0.022618809479901695
GJA5,265.98683223618673,-2.2546098033272806,0.6384681411307463,-3.5312800405894937,0.0004135536582730959,0.027230056307443608
AC090844.3,1.9635330216710412,1.6735078092019775,0.4496635361881201,3.721688939664997,0.0001978947108430316,0.016352281193637998
LINC01029,7.743778430358414,3.1427302156269037,0.6195597817136363,5.072521342386762,3.925790897701705e-07,0.00013841030108330312
ESRG,9.62293041384356,2.542517966609415,0.6274169230727282,4.052357966625478,5.0704006191774484e-05,0.006021644613083865
IGBP1P2,2.4165737764245643,1.9868783810964707,0.527105081966737,3.7694160976081292,0.00016362990204696096,0.01430341714008848
TBC1D3P1-DHX40P1,1.2730157074736024,1.8642214891254796,0.47486506574305043,3.925792027274986,8.644482230285141e-05,0.009022962685828218
LRRC2-AS1,4.016904179095534,-1.2847387743212997,0.3795130425274569,-3.385229571466841,0.0007111874762368909,0.039941043908801384
AC018755.2,1.7822802882143858,-1.7928545193059815,0.5300448705230798,-3.3824580125389874,0.0007184025889815155,0.04013315589959942
AC123912.4,1.9125437391862545,-1.7206273935153318,0.46301990743052496,-3.716098089742519,0.00020232306267735234,0.016523754706278985
AC011453.1,4.185379341187929,-3.8603027365645786,0.8125606774327272,-4.750787041235056,2.0262644066472956e-06,0.0005313669081597136
AC090241.2,10.02817993317902,1.2080342077189081,0.29034071466569633,4.160746828462764,3.1720857624238554e-05,0.004301429629379118
LINC01235,2.7230753697554717,3.126691438267228,0.9447459973065918,3.3095577511640357,0.0009344348675953911,0.04666791625141589
TSIX,33.785127302091404,2.407518958864062,0.6281441371414985,3.8327492314422953,0.0001267191107380818,0.01197356296351915
LINC00221,101.503048681926,3.8960235499162494,0.7769594687626917,5.014448895411068,5.318568597146575e-07,0.00018343858712614999
AC016831.4,4.328178926523956,0.9533864088668482,0.2803931596359848,3.4001771302287276,0.000673422136250825,0.03829454803830632
AC026740.1,91.11828855350235,-0.7143153310614702,0.20238455684129558,-3.529495245141736,0.00041635318620443127,0.027239799899902696
AC093635.1,14.101969883238562,0.7479494442009855,0.19880880822458322,3.7621544582474877,0.0001684559558599996,0.014542625059473329
AL844908.1,34.82628650552478,-1.1864327862815895,0.31727413973109514,-3.739456317767176,0.00018441869046904042,0.015563269859768941
AC099329.2,14.044963062830035,-1.4046768024607559,0.40519479921166823,-3.4666703649544424,0.0005269476816465551,0.031797924656591973
AC005291.2,2.8640088671480264,3.5288146680935353,0.8839497322773853,3.992098802951145,6.549107347805217e-05,0.007317243846943921
AC243965.2,25.842117474298465,-0.8724151771403438,0.2615941872572177,-3.334994505373027,0.0008530108474581767,0.044011198700317736
TYW1B,319.46523973445005,-0.6504893897424511,0.19674947239893598,-3.306181113530492,0.0009457693428671241,0.046964330232420526
AC135279.3,11.76477585898992,0.6789729636360387,0.2003120000011259,3.389577077919557,0.0007000052677784778,0.03938274317709021
CTBP2P9,13.235048490630508,1.7100197986463448,0.420846844072479,4.06328293233403,4.838731944034791e-05,0.005837939289588135
AL049776.1,43.90068139342398,-0.5934134045693283,0.17501280157980692,-3.390685705346692,0.0006971800322459919,0.03929346288312179
AL121835.2,1.386086271827815,3.106607457303725,0.9363615781727821,3.317743412075883,0.0009074780656841184,0.04599870048278396
AC011270.2,1.003373404293423,-2.318424603489333,0.6268765770396156,-3.6983749088822946,0.00021698423866675713,0.017172860297925335
SNX18P12,30.820079046306386,1.1980620090145095,0.3385052853856262,3.5392712041399115,0.00040123341095882635,0.02686641330167562
AC016397.2,11.995469028019661,1.2985624381337195,0.3650231505393244,3.5574796727689297,0.0003744300654789485,0.025441200016515023
NCOR1P4,18.695618398209536,2.325712866585602,0.5898851585365303,3.9426536384735567,8.05849940566413e-05,0.008559142231056105
AL032819.2,14.66512372923253,1.3938192595324688,0.3009451755445312,4.631472350438871,3.6307449080567763e-06,0.0008654933166720585
AL021920.2,11.1292632196521,-1.7480387053735997,0.4433886010025983,-3.9424529665871044,8.065247004776955e-05,0.008559142231056105
AP000542.3,7.80440554086886,-1.4694619548756231,0.44279813774624566,-3.3185820571759668,0.0009047573510267509,0.04593416880868773
LINC01127,19.696841214861777,-2.1839292604452525,0.5437660211710925,-4.016303291150466,5.911816512284064e-05,0.006772124539757604
PCBP2-OT1,13.093942885794057,0.6992103170938938,0.21086572620647084,3.3159031089256135,0.0009134749339698551,0.04608183327471776
BX276092.9,3.081851953244993,-3.2077254360486336,0.7056073571588136,-4.54604873872745,5.466238354878625e-06,0.0011486702598586334
PRSS50,13.924008734360793,-1.6025075463760496,0.4230823986443613,-3.7876960883052497,0.0001520506744853505,0.01358378368443545
PERCC1,7.86973608271413,1.7627007670617287,0.42960533248222793,4.103070036111921,4.077037656718123e-05,0.005154122784275807
AC007846.1,3.6701195786516494,1.8608472275305348,0.417851461659267,4.4533701524967855,8.453283793587854e-06,0.001577830282672566
AL138689.2,49.814806638974225,-1.2716310786356921,0.31314673924115566,-4.0608153280382835,4.8901641337810304e-05,0.00587764386852295
AC004593.1,2.627343769868308,-2.249993038265542,0.49065358592388864,-4.585705888664526,4.524551528865239e-06,0.00101821662810229
AC016831.6,401.8141171593245,0.8674379955730509,0.25653940216337073,3.381305126066539,0.0007214238424578135,0.04023110710901385
BX571818.1,4.732792931725075,-2.1679399457342017,0.49905390541001293,-4.344099750012104,1.398479642845863e-05,0.0022956570591276615
AC073236.1,3.0789218061743058,4.201368161183957,0.9811636540869306,4.282025881904221,1.851994343514114e-05,0.002866616220197383
CERNA2,2.9970992456244057,2.054288745556514,0.6055360400402898,3.3925127650863365,0.0006925470504551741,0.039101797967959304
AC006115.2,133.26591292112286,1.9512435697010109,0.5362786377282962,3.638488338760945,0.000274243043263446,0.020085957330228266
AC092445.1,15.673959540917167,-0.9412938592456387,0.28493377710505746,-3.30355308805167,0.0009546789157224413,0.04711993484486279
AC012443.2,142.29116973411794,0.5897203077834586,0.16380792749245748,3.6000718451835136,0.0003181292672717421,0.022432355066221443
AC096647.1,50.12227888332986,-1.7687710756147623,0.5247531524279702,-3.3706726056449012,0.0007498491471582825,0.04123650483272004
AL391839.3,2.4369366485934503,1.2340763221649171,0.30840591712451215,4.001467720435097,6.29507840288931e-05,0.007131860104167388
AL079338.1,1.5992791881387458,-1.5866230159963253,0.47611854847908774,-3.332411688359193,0.0008609679046942751,0.0442635648021354
AL137139.2,29.885463424231716,-1.0791516634537832,0.2755540797136644,-3.91629717322697,8.991939850554164e-05,0.009293916723059745
AC064869.1,17.56391065218865,3.4622179839200515,0.6636077917858914,5.217265419085243,1.8158397081115487e-07,7.581369707643099e-05
AC008496.3,6.216526888162894,-3.453750275741534,0.7867849635698014,-4.389700408191808,1.1350692963463853e-05,0.001962154022962763
AC104383.1,3.3189493626811606,-2.1404151804712996,0.5444030226229933,-3.9316739465525834,8.435642608830487e-05,0.008863290583470206
AL121956.7,14.344134808235697,-1.634243883635068,0.486655141119164,-3.358114906331384,0.0007847598350053074,0.042205448007717646
AL049695.1,238.56555564007303,18.544665285854897,4.447449076104164,4.169730775669609,3.0495967544203497e-05,0.0041890369962992256
AL354953.1,37.799591463001796,-1.2837463851796125,0.37600645977058095,-3.414160453421162,0.0006397888517346395,0.037113601561959496
AC010476.2,2.280097174329955,-2.802278598898362,0.572196513473967,-4.897405931198244,9.711009645991898e-07,0.0002991650942494844
AL359538.4,2.5955943606156486,-1.1370624148167014,0.30776918697365335,-3.69452974158209,0.0002202941087692119,0.017259635470014474
